#,Thermostat,identifier,Anon,,,,,,,,,,,,,,,,,,,,,,,,,,,,,,,,,,,,,,,,
#,Thermostat,name,Thermostat,,,,,,,,,,,,,,,,,,,,,,,,,,,,,,,,,,,,,,,,
#,Start,date,6/19/23,,,,,,,,,,,,,,,,,,,,,,,,,,,,,,,,,,,,,,,,
#,End,date,6/19/23,,,,,,,,,,,,,,,,,,,,,,,,,,,,,,,,,,,,,,,,
,,,,,,,,,,,,,,,,,,,,,,,,,,,,,,,,,,,,,,,,,,,
Date,Time,System Setting,System Mode,Calendar Event,Program Mode,Cool Set Temp (F),Heat Set Temp (F),Current Temp (F),Humidity Set Point (%RH),Current Humidity (%RH),Outdoor Temp (F),Wind Speed (km/h),Cool Stage 1 (sec),Heat Stage 1 (sec),Fan (sec),Humidifier (sec),DM Offset,Thermostat Temperature (F),Thermostat Humidity (%RH),Thermostat Motion,Thermostat AirQualityAccuracy,Thermostat AirQuality,Thermostat VOCppm,Thermostat CO2ppm,Thermostat AirPressure,Living Room (F),Living Room2,SunRoom (F),SunRoom2,Office (F),Office2,GuestRoom (F),GuestRoom2,BoyRoom (F),BoyRoom2,GirlRoom (F),GirlRoom2,Closet (F),Closet2,Bedroom (F),Bedroom2,Basement (F),Basement2
6/19/23,0:00:00,cool,compressorCoolOff,,Sleep,76,62,75,0,53,66.3,0,0,0,0,0,0.2,74.4,53,0,4,26,512,506,97806,72.8,0,74.8,0,80.6,0,80.5,0,75.5,0,74.9,0,77,0,76.8,0,72.9,0
6/19/23,0:05:00,cool,compressorCoolOff,,Sleep,76,62,75,0,53,66.3,0,0,0,0,0,0.1,74.4,53,0,3,25,505,502,97811,72.8,0,74.8,0,80.6,0,80.5,0,75.5,0,74.9,0,77,0,76.8,0,72.9,0
6/19/23,0:10:00,cool,compressorCoolOff,,Sleep,76,62,75,0,53,66.3,0,0,0,0,0,0.2,74.4,53,0,3,25,506,503,97806,72.8,0,74.7,0,80.5,0,80.5,0,75.5,0,75,0,77,0,76.7,0,72.8,0
6/19/23,0:15:00,cool,compressorCoolOff,,Sleep,76,62,75,0,53,66.3,0,0,0,0,0,0.2,74.4,53,0,3,25,509,504,97814,72.8,0,74.7,0,80.5,0,80.5,0,75.5,0,75,0,77,0,76.7,0,72.3,0
6/19/23,0:20:00,cool,compressorCoolOff,,Sleep,76,62,75,0,53,66.3,0,0,0,0,0,0.2,74.4,53,0,3,25,508,504,97816,72.8,0,74.7,0,80.5,0,80.4,0,75.5,0,75,0,77,0,76.7,0,71.3,0
6/19/23,0:25:00,cool,compressorCoolOff,,Sleep,76,62,74.9,0,53,66.3,0,0,0,0,0,0.2,74.3,53,0,3,25,507,503,97820,72.8,0,74.6,0,80.5,0,80.4,0,75.4,0,75,0,77,0,76.7,0,71.3,0
6/19/23,0:30:00,cool,compressorCoolOff,,Sleep,76,62,75,0,53,65.4,0,0,0,0,0,0.2,74.3,53,0,4,26,514,507,97823,72.8,0,74.6,0,80.4,0,80.4,0,75.4,0,75,0,77,0,76.7,0,71.8,0
6/19/23,0:35:00,cool,compressorCoolOff,,Sleep,76,62,74.9,0,53,65.4,0,0,0,0,0,0.1,74.2,53,0,4,26,511,505,97820,72.7,0,74.6,0,80.4,0,80.4,0,75.4,0,75,0,77,0,76.6,0,72.2,0
6/19/23,0:40:00,cool,compressorCoolOff,,Sleep,76,62,74.9,0,52,65.4,0,0,0,0,0,0.1,74.2,52,0,3,25,507,503,97817,72.7,0,74.5,0,80.4,0,80.4,0,75.4,0,75,0,77,0,76.6,0,72.5,0
6/19/23,0:45:00,cool,compressorCoolOff,,Sleep,76,62,74.8,0,52,65.4,0,0,0,0,0,0.2,74.3,52,0,3,26,515,508,97822,72.7,0,74.5,0,80.4,0,80.3,0,75.4,0,75,0,76.9,0,76.6,0,72.7,0
6/19/23,0:50:00,cool,compressorCoolOff,,Sleep,76,62,74.8,0,52,65.4,0,0,0,0,0,0.2,74.2,52,0,4,26,513,506,97823,72.8,0,74.4,0,80.3,0,80.3,0,75.4,0,75,0,76.9,0,76.6,0,72.9,0
6/19/23,0:55:00,cool,compressorCoolOff,,Sleep,76,62,74.6,0,51,65.4,0,0,0,0,0,0.4,74.1,51,0,3,26,511,505,97823,72.7,0,74.4,0,80.3,0,80.3,0,75.4,0,75,0,76.9,0,76.5,0,72.9,0
6/19/23,1:00:00,cool,compressorCoolOff,,Sleep,76,62,74.6,0,51,64.3,0,0,0,0,0,0.5,74.1,51,0,3,25,508,504,97821,72.7,0,74.3,0,80.3,0,80.3,0,75.4,0,75,0,76.9,0,76.5,0,72.9,0
6/19/23,1:05:00,cool,compressorCoolOff,,Sleep,76,62,74.6,0,51,64.3,0,0,0,0,0,0.5,74.2,51,0,3,25,508,504,97828,72.8,0,74.2,0,80.3,0,80.2,0,75.4,0,75,0,76.9,0,76.5,0,73,0
6/19/23,1:10:00,cool,compressorCoolOff,,Sleep,76,62,74.6,0,51,64.3,0,0,0,0,0,0.4,74.2,51,0,3,25,507,503,97828,72.7,0,74.2,0,80.3,0,80.2,0,75.4,0,75,0,76.9,0,76.5,0,73,0
6/19/23,1:15:00,cool,compressorCoolOff,,Sleep,76,62,74.6,0,51,64.3,0,0,0,0,0,0.4,74.2,51,0,3,25,506,503,97831,72.7,0,74.2,0,80.3,0,80.2,0,75.4,0,75.1,0,76.8,0,76.4,0,72.9,0
6/19/23,1:20:00,cool,compressorCoolOff,,Sleep,76,62,74.6,0,51,64.3,0,0,0,0,0,0.4,74.2,51,0,3,25,507,503,97817,72.7,0,74.2,0,80.2,0,80.2,0,75.4,0,75,0,76.8,0,76.3,0,72.8,0
6/19/23,1:25:00,cool,compressorCoolOff,,Sleep,76,62,74.6,0,51,64.3,0,0,0,0,0,0.4,74.2,51,0,3,25,506,503,97817,72.7,0,74.1,0,80.3,0,80.1,0,75.4,0,75,0,76.8,0,76.3,0,72.5,0
6/19/23,1:30:00,cool,compressorCoolOff,,Sleep,76,62,74.6,0,51,63.5,0,0,0,0,0,0.4,74.2,51,0,3,25,505,502,97813,72.7,0,74.1,0,80.3,0,80.1,0,75.4,0,75,0,76.8,0,76.3,0,71.6,0
6/19/23,1:35:00,cool,compressorCoolOff,,Sleep,76,62,74.5,0,51,63.5,0,0,0,0,0,0.4,74.2,51,0,3,25,506,503,97809,72.7,0,74.1,0,80.2,0,80.1,0,75.4,0,75,0,76.8,0,76.3,0,71.3,0
6/19/23,1:40:00,cool,compressorCoolOff,,Sleep,76,62,74.5,0,51,63.5,0,0,0,0,0,0.4,74.1,51,0,3,25,509,504,97810,72.7,0,74,0,80.2,0,80,0,75.3,0,75,0,76.8,0,76.3,0,71.8,0
6/19/23,1:45:00,cool,compressorCoolOff,,Sleep,76,62,74.5,0,51,63.5,0,0,0,0,0,0.4,74.1,51,0,3,25,508,504,97815,72.7,0,74,0,80.2,0,80,0,75.3,0,75.1,0,76.8,0,76.3,0,72.2,0
6/19/23,1:50:00,cool,compressorCoolOff,,Sleep,76,62,74.5,0,51,63.5,0,0,0,0,0,0.4,74.1,51,0,3,25,510,505,97817,72.7,0,74,0,80.1,0,80,0,75.3,0,75,0,76.8,0,76.2,0,72.5,0
6/19/23,1:55:00,cool,compressorCoolOff,,Sleep,76,62,74.5,0,51,63.5,0,0,0,0,0,0.5,74.1,51,0,3,25,510,505,97817,72.7,0,73.9,0,80.1,0,79.9,0,75.3,0,75,0,76.7,0,76.2,0,72.7,0
6/19/23,2:00:00,cool,compressorCoolOff,,Sleep,76,62,74.4,0,51,61.8,0,0,0,0,0,0.5,74,51,0,3,25,507,503,97812,72.7,0,73.9,0,80.1,0,79.9,0,75.3,0,75,0,76.7,0,76.1,0,72.8,0
6/19/23,2:05:00,cool,compressorCoolOff,,Sleep,76,62,74.4,0,51,61.8,0,0,0,0,0,0.5,73.9,51,0,3,25,505,502,97806,72.7,0,73.8,0,80,0,79.8,0,75.3,0,75.1,0,76.7,0,76.1,0,72.9,0
6/19/23,2:10:00,cool,compressorCoolOff,,Sleep,76,62,74.4,0,51,61.8,0,0,0,0,0,0.5,73.9,51,0,3,25,507,503,97804,72.7,0,73.8,0,80,0,79.8,0,75.3,0,75.1,0,76.7,0,76.1,0,73,0
6/19/23,2:15:00,cool,compressorCoolOff,,Sleep,76,62,74.4,0,51,61.8,0,0,0,0,0,0.5,73.9,51,0,3,25,507,503,97801,72.7,0,73.8,0,80,0,79.7,0,75.3,0,75.1,0,76.7,0,76,0,73,0
6/19/23,2:20:00,cool,compressorCoolOff,,Sleep,76,62,74.4,0,51,61.8,0,0,0,0,0,0.5,73.9,51,0,3,25,508,504,97797,72.7,0,73.7,0,79.9,0,79.7,0,75.3,0,75.1,0,76.7,0,76,0,73,0
6/19/23,2:25:00,cool,compressorCoolOff,,Sleep,76,62,74.4,0,51,61.8,0,0,0,0,0,0.5,73.9,51,0,3,25,507,503,97801,72.6,0,73.7,0,79.9,0,79.7,0,75.3,0,75.1,0,76.6,0,76,0,73,0
6/19/23,2:30:00,cool,compressorCoolOff,,Sleep,76,62,74.3,0,51,61.4,0,0,0,0,0,0.4,73.9,51,0,3,26,512,506,97799,72.6,0,73.7,0,79.9,0,79.6,0,75.2,0,75,0,76.6,0,76,0,72.9,0
6/19/23,2:35:00,cool,compressorCoolOff,,Sleep,76,62,74.3,0,51,61.4,0,0,0,0,0,0.4,73.8,51,0,3,25,507,503,97794,72.6,0,73.7,0,79.9,0,79.6,0,75.2,0,75,0,76.6,0,76,0,72.8,0
6/19/23,2:40:00,cool,compressorCoolOff,,Sleep,76,62,74.3,0,51,61.4,0,0,0,0,0,0.4,73.8,51,0,3,25,508,504,97786,72.6,0,73.6,0,79.8,0,79.5,0,75.2,0,75,0,76.6,0,75.9,0,72.2,0
6/19/23,2:45:00,cool,compressorCoolOff,,Sleep,76,62,74.3,0,51,61.4,0,0,0,0,0,0.4,73.8,51,0,4,25,509,504,97783,72.6,0,73.5,0,79.8,0,79.5,0,75.2,0,75,0,76.5,0,75.9,0,71.5,0
6/19/23,2:50:00,cool,compressorCoolOff,,Sleep,76,62,74.3,0,51,61.4,0,0,0,0,0,0.5,73.8,51,0,3,25,506,503,97782,72.6,0,73.5,0,79.8,0,79.5,0,75.2,0,75,0,76.5,0,75.9,0,71.7,0
6/19/23,2:55:00,cool,compressorCoolOff,,Sleep,76,62,74.2,0,51,61.4,0,0,0,0,0,0.5,73.7,51,0,3,26,511,505,97782,72.6,0,73.4,0,79.8,0,79.4,0,75.2,0,75,0,76.5,0,75.8,0,72.2,0
6/19/23,3:00:00,cool,compressorCoolOff,,Sleep,76,62,74.2,0,51,60.4,0,0,0,0,0,0.5,73.6,51,0,3,25,509,504,97782,72.6,0,73.4,0,79.8,0,79.4,0,75.2,0,75,0,76.5,0,75.8,0,72.5,0
6/19/23,3:05:00,cool,compressorCoolOff,,Sleep,76,62,74.2,0,51,60.4,0,0,0,0,0,0.5,73.6,51,0,3,26,511,505,97777,72.6,0,73.4,0,79.7,0,79.4,0,75.2,0,75,0,76.5,0,75.8,0,72.8,0
6/19/23,3:10:00,cool,compressorCoolOff,,Sleep,76,62,74.2,0,51,60.4,0,0,0,0,0,0.5,73.6,51,0,4,26,511,505,97776,72.6,0,73.3,0,79.6,0,79.4,0,75.1,0,75,0,76.5,0,75.8,0,73,0
6/19/23,3:15:00,cool,compressorCoolOff,,Sleep,76,62,74.2,0,51,60.4,0,0,0,0,0,0.5,73.6,51,0,3,25,511,505,97772,72.6,0,73.3,0,79.6,0,79.3,0,75.1,0,75,0,76.4,0,75.8,0,73.1,0
6/19/23,3:20:00,cool,compressorCoolOff,,Sleep,76,62,74.2,0,51,60.4,0,0,0,0,0,0.5,73.5,51,0,3,26,511,505,97766,72.5,0,73.3,0,79.6,0,79.2,0,75.1,0,75,0,76.4,0,75.7,0,73.1,0
6/19/23,3:25:00,cool,compressorCoolOff,,Sleep,76,62,74.1,0,51,60.4,0,0,0,0,0,0.5,73.5,51,0,3,26,515,507,97762,72.5,0,73.3,0,79.6,0,79.2,0,75.1,0,75,0,76.4,0,75.7,0,73.1,0
6/19/23,3:30:00,cool,compressorCoolOff,,Sleep,76,62,74.1,0,51,60,0,0,0,0,0,0.5,73.5,51,0,3,26,516,508,97757,72.5,0,73.3,0,79.5,0,79.3,0,75.1,0,74.9,0,76.4,0,75.7,0,73.1,0
6/19/23,3:35:00,cool,compressorCoolOff,,Sleep,76,62,74.1,0,51,60,0,0,0,0,0,0.5,73.4,51,0,3,26,511,505,97755,72.5,0,73.2,0,79.5,0,79.2,0,75.1,0,74.9,0,76.4,0,75.6,0,73.1,0
6/19/23,3:40:00,cool,compressorCoolOff,,Sleep,76,62,74.1,0,51,60,0,0,0,0,0,0.5,73.4,51,0,3,25,508,504,97755,72.5,0,73.1,0,79.5,0,79.2,0,75.1,0,74.9,0,76.4,0,75.6,0,73.1,0
6/19/23,3:45:00,cool,compressorCoolOff,,Sleep,76,62,74.1,0,51,60,0,0,0,0,0,0.5,73.4,51,0,3,26,510,505,97754,72.5,0,73.1,0,79.4,0,79.1,0,75.1,0,74.9,0,76.4,0,75.6,0,73,0
6/19/23,3:50:00,cool,compressorCoolOff,,Sleep,76,62,74.1,0,51,60,0,0,0,0,0,0.5,73.4,51,0,3,26,510,505,97753,72.5,0,73.1,0,79.4,0,79.1,0,75.1,0,74.9,0,76.4,0,75.5,0,72.6,0
6/19/23,3:55:00,cool,compressorCoolOff,,Sleep,76,62,74.1,0,51,60,0,0,0,0,0,0.5,73.4,51,0,3,25,508,504,97756,72.5,0,73,0,79.3,0,79,0,75,0,74.9,0,76.4,0,75.5,0,71.7,0
6/19/23,4:00:00,cool,compressorCoolOff,,Sleep,76,62,74.1,0,51,59.5,0,0,0,0,0,0.5,73.5,51,0,3,26,513,506,97758,72.5,0,73,0,79.3,0,79,0,75,0,74.9,0,76.3,0,75.4,0,71.6,0
6/19/23,4:05:00,cool,compressorCoolOff,,Sleep,76,62,74.1,0,51,59.5,0,0,0,0,0,0.5,73.5,51,0,4,26,517,509,97761,72.5,0,73,0,79.2,0,79,0,75,0,74.9,0,76.3,0,75.4,0,72.1,0
6/19/23,4:10:00,cool,compressorCoolOff,,Sleep,76,62,74,0,51,59.5,0,0,0,0,0,0.5,73.4,51,0,4,26,513,506,97765,72.5,0,73,0,79.2,0,78.9,0,75,0,74.9,0,76.3,0,75.4,0,72.5,0
6/19/23,4:15:00,cool,compressorCoolOff,,Sleep,76,62,74,0,51,59.5,0,0,0,0,0,0.5,73.5,51,0,3,25,509,504,97764,72.4,0,72.9,0,79.1,0,78.9,0,75,0,74.8,0,76.3,0,75.4,0,72.7,0
6/19/23,4:20:00,cool,compressorCoolOff,,Sleep,76,62,74,0,51,59.5,0,0,0,0,0,0.5,73.4,51,0,4,26,511,505,97768,72.4,0,72.9,0,79.1,0,78.9,0,75,0,74.8,0,76.3,0,75.4,0,73,0
6/19/23,4:25:00,cool,compressorCoolOff,,Sleep,76,62,74,0,51,59.5,0,0,0,0,0,0.5,73.4,51,0,3,26,516,508,97770,72.4,0,72.9,0,79.1,0,78.8,0,74.9,0,74.8,0,76.2,0,75.3,0,73,0
6/19/23,4:30:00,cool,compressorCoolOff,,Sleep,76,62,73.9,0,51,59,0,0,0,0,0,0.5,73.3,51,0,3,26,513,506,97773,72.4,0,72.8,0,79.1,0,78.8,0,74.9,0,74.8,0,76.2,0,75.3,0,73.1,0
6/19/23,4:35:00,cool,compressorCoolOff,,Sleep,76,62,73.9,0,51,59,0,0,0,0,0,0.5,73.3,51,0,4,26,512,506,97769,72.4,0,72.8,0,79,0,78.7,0,74.9,0,74.7,0,76.2,0,75.3,0,73.1,0
6/19/23,4:40:00,cool,compressorCoolOff,,Sleep,76,62,73.9,0,51,59,0,0,0,0,0,0.5,73.2,51,0,3,26,513,506,97769,72.4,0,72.8,0,79,0,78.7,0,74.9,0,74.7,0,76.1,0,75.2,0,73.2,0
6/19/23,4:45:00,cool,compressorCoolOff,,Sleep,76,62,73.9,0,51,59,0,0,0,0,0,0.5,73.2,51,0,3,26,512,506,97770,72.4,0,72.7,0,78.9,0,78.7,0,74.8,0,74.8,0,76.1,0,75.2,0,73.2,0
6/19/23,4:50:00,cool,compressorCoolOff,,Sleep,76,62,73.8,0,51,59,0,0,0,0,0,0.5,73.1,51,0,4,26,516,508,97778,72.4,0,72.7,0,78.9,0,78.6,0,74.8,0,74.7,0,76.2,0,75.2,0,73.1,0
6/19/23,4:55:00,cool,compressorCoolOff,,Sleep,76,62,73.8,0,51,59,0,0,0,0,0,0.5,73.1,51,0,3,26,511,505,97786,72.4,0,72.6,0,78.9,0,78.6,0,74.8,0,74.7,0,76.1,0,75.1,0,73.1,0
6/19/23,5:00:00,cool,compressorCoolOff,,Sleep,76,62,73.8,0,51,58.2,0,0,0,0,0,0.5,73.2,51,0,3,26,513,506,97786,72.4,0,72.6,0,78.8,0,78.5,0,74.8,0,74.7,0,76.1,0,75.1,0,73,0
6/19/23,5:05:00,cool,compressorCoolOff,,Sleep,76,62,73.8,0,51,58.2,0,0,0,0,0,0.5,73.2,51,0,3,26,510,505,97786,72.3,0,72.5,0,78.8,0,78.5,0,74.8,0,74.7,0,76.1,0,75,0,72.9,0
6/19/23,5:10:00,cool,compressorCoolOff,,Sleep,76,62,73.8,0,51,58.2,0,0,0,0,0,0.5,73.2,51,0,4,26,512,506,97789,72.4,0,72.5,0,78.7,0,78.5,0,74.8,0,74.6,0,76.1,0,75,0,72.5,0
6/19/23,5:15:00,cool,compressorCoolOff,,Sleep,76,62,73.8,0,51,58.2,0,0,0,0,0,0.5,73.2,51,0,3,26,513,506,97791,72.3,0,72.5,0,78.7,0,78.4,0,74.8,0,74.6,0,76.1,0,75,0,71.6,0
6/19/23,5:20:00,cool,compressorCoolOff,,Sleep,76,62,73.7,0,51,58.2,0,0,0,0,0,0.5,73.2,51,0,3,26,512,506,97795,72.3,0,72.5,0,78.7,0,78.4,0,74.7,0,74.6,0,75.9,0,75,0,71.5,0
6/19/23,5:25:00,cool,compressorCoolOff,,Sleep,76,62,73.7,0,51,58.2,0,0,0,0,0,0.5,73.2,51,0,3,25,510,505,97797,72.3,0,72.5,0,78.6,0,78.3,0,74.7,0,74.6,0,75.9,0,75,0,72.1,0
6/19/23,5:30:00,cool,compressorCoolOff,,Sleep,76,62,73.8,0,51,57.8,0,0,0,0,0,0.5,73.1,51,0,4,26,511,505,97796,72.3,0,72.4,0,78.6,0,78.3,0,74.7,0,74.5,0,76,0,74.9,0,72.5,0
6/19/23,5:35:00,cool,compressorCoolOff,,Sleep,76,62,73.9,0,51,57.8,0,0,0,0,0,0.5,73.2,51,0,4,26,512,506,97799,72.3,0,72.4,0,78.6,0,78.3,0,74.7,0,74.5,0,76,0,74.9,0,72.8,0
6/19/23,5:40:00,cool,compressorCoolOff,,Sleep,76,62,73.9,0,51,57.8,0,0,0,0,0,0.6,73,51,0,3,26,512,506,97805,72.3,0,72.4,0,78.5,0,78.2,0,74.7,0,74.5,0,76,0,74.8,0,72.9,0
6/19/23,5:45:00,cool,compressorCoolOff,,Sleep,76,62,74,0,51,57.8,0,0,0,0,0,0.6,73,51,0,3,25,509,504,97810,72.3,0,72.3,0,78.5,0,78.2,0,74.6,0,74.5,0,76,0,74.8,0,73,0
6/19/23,5:50:00,cool,compressorCoolOff,,Sleep,76,62,74,0,51,57.8,0,0,0,0,0,0.6,72.9,51,0,3,26,512,506,97815,72.3,0,72.3,0,78.5,0,78.2,0,74.6,0,74.5,0,75.9,0,74.8,0,73.1,0
6/19/23,5:55:00,cool,compressorCoolOff,,Sleep,77.6,66.8,74,0,51,57.8,0,0,0,0,0,0.6,72.9,51,0,3,26,514,507,97819,72.2,0,72.2,0,78.4,0,78.1,0,74.6,0,74.5,0,75.9,0,74.8,0,73.2,0
6/19/23,6:00:00,cool,compressorCoolOff,,Home,78,68,74,0,51,57.1,0,0,0,0,0,0.6,72.9,51,0,3,25,509,504,97816,72.2,0,72.2,0,78.4,0,78.1,0,74.6,0,74.5,0,75.9,0,74.7,0,73.2,0
6/19/23,6:05:00,cool,compressorCoolOff,,Home,78,68,74,0,51,57.1,0,0,0,0,0,0.7,72.9,51,0,3,26,513,506,97810,72.2,0,72.2,0,78.3,0,78.1,0,74.6,0,74.4,0,75.9,0,74.7,0,73.2,0
6/19/23,6:10:00,cool,compressorCoolOff,,Home,78,68,74,0,51,57.1,0,0,0,0,0,0.7,73,51,0,3,26,513,506,97814,72.2,0,72.2,0,78.3,0,78,0,74.6,0,74.4,0,75.8,0,74.7,0,73.2,0
6/19/23,6:15:00,cool,compressorCoolOff,,Home,78,68,74,0,51,57.1,0,0,0,0,0,0.7,73,51,0,3,26,511,506,97821,72.2,0,72.2,0,78.3,0,78,0,74.5,0,74.4,0,75.8,0,74.7,0,73.1,0
6/19/23,6:20:00,cool,compressorCoolOff,,Home,78,68,73.9,0,50,57.1,0,0,0,0,0,0.6,73,50,0,3,26,511,505,97825,72.2,0,72.2,0,78.3,0,78,0,74.5,0,74.4,0,75.8,0,74.6,0,73.1,0
6/19/23,6:25:00,cool,compressorCoolOff,,Home,78,68,73.8,0,50,57.1,0,0,0,0,0,0.7,73,50,0,4,26,512,506,97824,72.2,0,72.2,0,78.2,0,77.9,0,74.5,0,74.4,0,75.8,0,74.6,0,72.8,0
6/19/23,6:30:00,cool,compressorCoolOff,,Home,78,68,73.8,0,50,57.8,0,0,0,0,0,0.7,73,50,0,3,25,509,504,97824,72.2,0,72.1,0,78.2,0,77.9,0,74.5,0,74.4,0,75.7,0,74.5,0,72.1,0
6/19/23,6:35:00,cool,compressorCoolOff,,Home,78,68,73.7,0,49,57.8,0,0,0,0,0,0.8,73,49,0,3,26,510,505,97817,72.2,0,72.1,0,78.1,0,77.8,0,74.5,0,74.3,0,75.7,0,74.5,0,71.5,0
6/19/23,6:40:00,cool,compressorCoolOff,,Home,78,68,73.6,0,49,57.8,0,0,0,0,0,0.9,72.9,49,0,3,25,508,504,97828,72.1,0,72,0,78.1,0,77.8,0,74.5,0,74.3,0,75.7,0,74.5,0,71.8,0
6/19/23,6:45:00,cool,compressorCoolOff,,Home,78,68,73.5,0,49,57.8,0,0,0,0,0,0.9,72.9,49,0,3,26,511,505,97828,72.1,0,72,0,78.1,0,77.8,0,74.4,0,74.3,0,75.7,0,74.5,0,72.3,0
6/19/23,6:50:00,cool,compressorCoolOff,,Home,78,68,73.5,0,49,57.8,0,0,0,0,0,0.9,72.9,49,0,3,25,507,503,97828,72.1,0,72,0,78,0,77.8,0,74.4,0,74.3,0,75.7,0,74.4,0,72.7,0
6/19/23,6:55:00,cool,compressorCoolOff,,Home,78,68,73.6,0,49,57.8,0,0,0,0,0,0.8,72.9,49,0,3,25,508,504,97826,72.1,0,72,0,78,0,77.7,0,74.4,0,74.3,0,75.7,0,74.4,0,72.9,0
6/19/23,7:00:00,cool,compressorCoolOff,,Home,78,68,73.5,0,49,58.9,0,0,0,0,0,0.9,72.9,49,0,3,25,508,504,97832,72.1,0,72,0,77.9,0,77.7,0,74.4,0,74.2,0,75.6,0,74.4,0,73.1,0
6/19/23,7:05:00,cool,compressorCoolOff,,Home,78,68,73.6,0,49,58.9,0,0,0,0,0,0.8,73,49,0,3,25,510,505,97835,72.1,0,72,0,77.9,0,77.7,0,74.4,0,74.2,0,75.6,0,74.3,0,73.2,0
6/19/23,7:10:00,cool,compressorCoolOff,,Home,78,68,73.6,0,49,58.9,0,0,0,0,0,0.8,73,49,0,3,26,515,508,97840,72.1,0,72,0,77.8,0,77.6,0,74.4,0,74.2,0,75.6,0,74.3,0,73.2,0
6/19/23,7:15:00,cool,compressorCoolOff,,Home,78,68,73.4,0,49,58.9,0,0,0,0,0,0.9,72.9,49,0,4,26,514,507,97847,72.1,0,72,0,77.8,0,77.6,0,74.3,0,74.2,0,75.6,0,74.3,0,73.3,0
6/19/23,7:20:00,cool,compressorCoolOff,,Home,78,68,73.6,0,50,58.9,0,0,0,0,0,0.7,72.8,50,0,4,26,510,505,97859,72.1,0,72,0,77.8,0,77.6,0,74.3,0,74.2,0,75.6,0,74.3,0,73.2,0
6/19/23,7:25:00,cool,compressorCoolOff,,Home,78,68,73.4,0,49,58.9,0,0,0,0,0,0.9,72.8,49,0,3,25,510,505,97858,72.1,0,72,0,77.7,0,77.5,0,74.3,0,74.2,0,75.5,0,74.2,0,73.2,0
6/19/23,7:30:00,cool,compressorCoolOff,,Home,78,68,73.4,0,49,60.8,0,0,0,0,0,0.9,72.9,49,0,3,25,508,504,97858,72.1,0,72,0,77.7,0,77.5,0,74.3,0,74.1,0,75.5,0,74.2,0,73.1,0
6/19/23,7:35:00,cool,compressorCoolOff,,Home,78,68,73.4,0,49,60.8,0,0,0,0,0,0.9,72.9,49,0,3,26,512,506,97861,72.1,0,72,0,77.7,0,77.5,0,74.3,0,74.1,0,75.5,0,74.2,0,73.1,0
6/19/23,7:40:00,cool,compressorCoolOff,,Home,78,68,73.3,0,49,60.8,0,0,0,0,0,1,72.8,49,0,3,26,512,506,97864,72.1,0,72,0,77.7,0,77.4,0,74.3,0,74.1,0,75.5,0,74.2,0,73.1,0
6/19/23,7:45:00,cool,compressorCoolOff,,Home,78,68,73.3,0,49,60.8,0,0,0,0,0,0.9,72.8,49,0,4,26,512,506,97863,72.1,0,72,0,77.6,0,77.4,0,74.3,0,74.1,0,75.5,0,74.1,0,72.8,0
6/19/23,7:50:00,cool,compressorCoolOff,,Home,78,68,73.4,0,49,60.8,0,0,0,0,0,0.8,72.8,49,0,3,25,509,504,97863,72,0,72,0,77.5,0,77.3,0,74.3,0,74.1,0,75.5,0,74.1,0,71.9,0
6/19/23,7:55:00,cool,compressorCoolOff,,Home,78,68,73.4,0,49,60.8,0,0,0,0,0,0.8,72.8,49,0,3,25,509,504,97862,72.1,0,72,0,77.5,0,77.3,0,74.3,0,74.1,0,75.5,0,74.1,0,71.6,0
6/19/23,8:00:00,cool,compressorCoolOff,,Home,78,68,73.3,0,49,62.4,0,0,0,0,0,0.9,72.8,49,0,3,26,516,508,97861,72,0,72,0,77.5,0,77.3,0,74.3,0,74.1,0,75.5,0,74.1,0,72,0
6/19/23,8:05:00,cool,compressorCoolOff,,Home,78,68,73.4,0,49,62.4,0,0,0,0,0,0.8,72.8,49,0,4,26,515,507,97863,72,0,72,0,77.5,0,77.3,0,74.3,0,74,0,75.5,0,74.1,0,72.4,0
6/19/23,8:10:00,cool,compressorCoolOff,,Home,78,68,73.5,0,50,62.4,0,0,0,0,0,0.7,72.8,50,0,4,26,514,507,97866,72,0,72,0,77.4,0,77.2,0,74.2,0,74,0,75.4,0,74,0,72.8,0
6/19/23,8:15:00,cool,compressorCoolOff,,Home,78,68,73.6,0,50,62.4,0,0,0,0,0,0.5,72.9,50,0,4,26,515,507,97869,72.1,0,72,0,77.4,0,77.2,0,74.2,0,74,0,75.4,0,74,0,72.9,0
6/19/23,8:20:00,cool,compressorCoolOff,,Home,78,68,73.5,0,50,62.4,0,0,0,0,0,0.6,72.9,50,0,3,26,512,506,97868,72.1,0,72,0,77.4,0,77.2,0,74.2,0,74,0,75.5,0,73.9,0,73.1,0
6/19/23,8:25:00,cool,compressorCoolOff,,Home,78,68,73.4,0,49,62.4,0,0,0,0,0,0.7,72.9,49,0,3,26,510,505,97869,72.1,0,72,0,77.3,0,77.2,0,74.2,0,74,0,75.4,0,73.9,0,73.2,0
6/19/23,8:30:00,cool,compressorCoolOff,,Home,78,68,73.3,0,49,64.7,0,0,0,0,0,0.7,72.8,49,0,4,26,514,507,97865,72.1,0,72.1,0,77.3,0,77.1,0,74.2,0,74,0,75.4,0,73.9,0,73.2,0
6/19/23,8:35:00,cool,compressorCoolOff,,Home,78,68,73.2,0,49,64.7,0,0,0,0,0,0.7,72.8,49,0,3,26,513,506,97867,72.1,0,72.1,0,77.3,0,77.1,0,74.2,0,74,0,75.4,0,73.9,0,73.3,0
6/19/23,8:40:00,cool,compressorCoolOff,,Home,78,68,73.1,0,50,64.7,0,0,0,0,0,0.5,72.8,50,0,4,26,515,507,97870,72,0,72.1,0,77.3,0,77.1,0,74.2,0,73.9,0,75.4,0,73.9,0,73.2,0
6/19/23,8:45:00,cool,compressorCoolOff,,Home,78,68,72.7,0,49,64.7,0,0,0,0,0,0.5,72.8,49,0,4,26,512,506,97865,72,0,72.1,0,77.3,0,77,0,74.2,0,73.9,0,75.4,0,73.9,0,73.2,0
6/19/23,8:50:00,cool,compressorCoolOff,,Home,78,68,72.4,0,49,64.7,0,0,0,0,0,0.4,72.7,49,0,3,25,510,505,97858,72,0,72.2,0,77.2,0,77,0,74.2,0,73.9,0,75.4,0,73.8,0,73.1,0
6/19/23,8:55:00,cool,compressorCoolOff,,Home,81.2,64.8,72.1,0,49,64.7,0,0,0,0,0,0.2,72.7,49,0,3,25,509,504,97858,72,0,72.2,0,77.2,0,77,0,74.1,0,73.9,0,75.4,0,73.8,0,73.1,0
6/19/23,9:00:00,cool,compressorCoolOff,,Away,82,64,72.1,0,49,67.6,0,0,0,0,0,0.1,72.7,49,0,3,25,509,504,97861,72,0,72.2,0,77.2,0,77,0,74.1,0,73.9,0,75.4,0,73.8,0,73,0
6/19/23,9:05:00,cool,compressorCoolOff,,Away,82,64,72.2,0,50,67.6,0,0,0,0,0,0.1,72.8,50,0,3,25,510,505,97861,72,0,72.2,0,77.2,0,76.9,0,74.1,0,73.9,0,75.3,0,73.8,0,72.5,0
6/19/23,9:10:00,cool,compressorCoolOff,,Away,82,64,72.3,0,50,67.6,0,0,0,0,0,0.1,72.7,50,0,4,26,513,506,97858,72,0,72.2,0,77.2,0,76.9,0,74.1,0,73.9,0,75.3,0,73.8,0,71.7,0
6/19/23,9:15:00,cool,compressorCoolOff,,Away,82,64,72.3,0,50,67.6,0,0,0,0,0,,72.8,50,0,3,26,510,505,97863,72,0,72.2,0,77.2,0,76.9,0,74.1,0,73.9,0,75.4,0,73.8,0,71.6,0
6/19/23,9:20:00,cool,compressorCoolOff,,Away,82,64,72.3,0,50,67.6,0,0,0,0,0,,72.8,50,0,4,26,516,508,97861,72,0,72.3,0,77.1,0,76.9,0,74.1,0,73.9,0,75.3,0,73.8,0,72.1,0
6/19/23,9:25:00,cool,compressorCoolOff,,Away,82,64,72.2,0,50,67.6,0,0,0,0,0,0.1,72.7,50,0,4,26,514,507,97859,72,0,72.4,0,77.1,0,76.9,0,74.1,0,73.9,0,75.3,0,73.8,0,72.5,0
6/19/23,9:30:00,cool,compressorCoolOff,,Away,82,64,72.2,0,50,70,0,0,0,0,0,0.1,72.8,50,0,4,27,521,510,97856,72,0,72.4,0,77.1,0,76.8,0,74.1,0,73.9,0,75.3,0,73.8,0,72.8,0
6/19/23,9:35:00,cool,compressorCoolOff,,Away,82,64,72.2,0,50,70,0,0,0,0,0,0.1,72.8,50,0,4,27,522,511,97849,72,0,72.4,0,77.1,0,76.8,0,74.1,0,73.8,0,75.3,0,73.8,0,73,0
6/19/23,9:40:00,cool,compressorCoolOff,,Away,82,64,72.2,0,50,70,0,0,0,0,0,0.1,72.8,50,0,4,28,526,513,97840,72.1,0,72.4,0,77.1,0,76.8,0,74.1,0,73.8,0,75.3,0,73.7,0,73.1,0
6/19/23,9:45:00,cool,compressorCoolOff,,Away,82,64,72.1,0,49,70,0,0,0,0,0,0.2,72.8,49,0,4,28,528,514,97835,72.1,0,72.6,0,77,0,76.8,0,74.1,0,73.8,0,75.3,0,73.7,0,73.1,0
6/19/23,9:50:00,cool,compressorCoolOff,,Away,82,64,72.1,0,49,70,0,0,0,0,0,0.3,72.8,49,0,4,28,527,514,97831,72.1,0,72.6,0,77,0,76.7,0,74.1,0,73.8,0,75.3,0,73.7,0,73.2,0
6/19/23,9:55:00,cool,compressorCoolOff,,Away,82,64,72.1,0,49,70,0,0,0,0,0,0.3,72.8,49,0,4,28,534,517,97831,72.1,0,72.6,0,77,0,76.7,0,74.1,0,73.8,0,75.3,0,73.7,0,73.2,0
6/19/23,10:00:00,cool,compressorCoolOff,,Away,80.5,64,72.4,0,49,72.1,0,0,0,0,0,0.4,72.8,49,0,4,28,532,516,97828,72.1,0,72.7,0,77,0,76.7,0,74.1,0,73.8,0,75.3,0,73.7,0,73.2,0
6/19/23,10:05:00,cool,compressorCoolOff,,Away,72,64,73.4,0,49,72.1,0,135,0,135,0,0.9,72.9,49,0,4,28,534,517,97827,72.1,0,72.8,0,77,0,76.7,0,74.1,0,73.8,0,75.3,0,73.7,0,73.2,0
6/19/23,10:10:00,cool,compressorCoolStage1On,,Away,72,64,73.5,0,50,72.1,0,300,0,300,0,0.7,72.3,50,0,4,26,515,507,97828,72.1,0,72.8,0,77,0,76.7,0,74.1,0,73.8,0,75.3,0,73.7,0,73,0
6/19/23,10:15:00,cool,compressorCoolStage1On,,Away,72,64,73.1,0,50,72.1,0,300,0,300,0,1,71.6,50,0,3,25,506,503,97832,72.1,0,72.6,0,76.8,0,76.6,0,74.1,0,73.8,0,75.3,0,73.5,0,72.7,0
6/19/23,10:20:00,cool,compressorCoolStage1On,,Away,72,64,73.7,0,49,72.1,0,300,0,300,0,0.3,71.3,49,0,3,26,514,507,97831,72.1,0,72.4,0,76.7,0,76.6,0,74,0,73.7,0,75.2,0,73.4,0,71.8,0
6/19/23,10:25:00,cool,compressorCoolStage1On,,Away,72,64,74,0,49,72.1,0,300,0,300,0,,70.9,49,0,4,26,514,507,97827,72.1,0,72.3,0,76.6,0,76.5,0,74,0,73.7,0,75.2,0,73.2,0,70.8,0
6/19/23,10:30:00,cool,compressorCoolStage1On,,Away,72,64,73.8,0,49,74.4,0,300,0,300,0,,70.5,49,0,3,26,515,507,97829,72,0,72.2,0,76.5,0,76.4,0,74,0,73.6,0,75.1,0,73.1,0,70.4,0
6/19/23,10:35:00,cool,compressorCoolStage1On,,Away,72,64,73.8,0,49,74.4,0,300,0,300,0,,70.3,49,0,3,27,523,511,97831,72,0,72.2,0,76.3,0,76.4,0,73.9,0,73.6,0,75.1,0,72.9,0,70.6,0
6/19/23,10:40:00,cool,compressorCoolStage1On,,Away,72,64,73.7,0,49,74.4,0,300,0,300,0,,70.1,49,0,4,28,527,513,97830,72,0,72.1,0,76.2,0,76.3,0,73.9,0,73.6,0,75,0,72.8,0,70.8,0
6/19/23,10:45:00,cool,compressorCoolStage1On,,Away,72,64,73.7,0,49,74.4,0,300,0,300,0,,70.1,49,0,4,29,535,517,97833,72,0,72.1,0,76.2,0,76.3,0,73.8,0,73.5,0,75,0,72.7,0,71,0
6/19/23,10:50:00,cool,compressorCoolStage1On,,Away,72,64,73.6,0,48,74.4,0,300,0,300,0,,69.9,48,0,4,29,540,520,97836,72,0,72.1,0,76.1,0,76.2,0,73.7,0,73.5,0,74.9,0,72.6,0,71,0
6/19/23,10:55:00,cool,compressorCoolStage1On,,Away,72,64,73.5,0,47,74.4,0,300,0,300,0,,69.8,47,0,4,29,541,520,97838,71.9,0,72.1,0,76,0,76.2,0,73.6,0,73.5,0,74.8,0,72.4,0,70.9,0
6/19/23,11:00:00,cool,compressorCoolStage1On,,Away,72,64,73.4,0,47,77.2,0,300,0,300,0,,69.7,47,0,4,31,559,529,97841,71.9,0,72.1,0,76,0,76.1,0,73.6,0,73.4,0,74.8,0,72.3,0,70.9,0
6/19/23,11:05:00,cool,compressorCoolStage1On,,Away,72,64,73.4,0,47,77.2,0,300,0,300,0,,69.6,47,0,4,33,570,534,97841,71.9,0,72.2,0,75.9,0,76,0,73.5,0,73.4,0,74.8,0,72.2,0,70.8,0
6/19/23,11:10:00,cool,compressorCoolStage1On,,Away,72,64,73.3,0,47,77.2,0,300,0,300,0,,69.5,47,0,4,33,572,535,97835,71.9,0,72.2,0,75.8,0,75.9,0,73.4,0,73.3,0,74.7,0,72,0,70.7,0
6/19/23,11:15:00,cool,compressorCoolStage1On,,Away,72,64,73.2,0,47,77.2,0,300,0,300,0,,69.5,47,0,4,33,576,537,97831,71.8,0,72.2,0,75.7,0,75.9,0,73.3,0,73.3,0,74.7,0,71.9,0,70.5,0
6/19/23,11:20:00,cool,compressorCoolStage1On,,Away,72,64,73.2,0,47,77.2,0,300,0,300,0,,69.4,47,0,4,34,583,540,97826,71.8,0,72.2,0,75.7,0,75.9,0,73.3,0,73.2,0,74.7,0,71.8,0,69.6,0
6/19/23,11:25:00,cool,compressorCoolStage1On,,Away,72,64,73.1,0,47,77.2,0,300,0,300,0,,69.5,47,0,4,34,582,540,97821,71.8,0,72.3,0,75.6,0,75.9,0,73.2,0,73.2,0,74.6,0,71.7,0,69,0
6/19/23,11:30:00,cool,compressorCoolStage1On,,Away,72,64,73.1,0,47,79.1,0,300,0,300,0,,69.5,47,0,4,35,589,543,97821,71.7,0,72.3,0,75.5,0,75.8,0,73.2,0,73.1,0,74.6,0,71.6,0,69.2,0
6/19/23,11:35:00,cool,compressorCoolStage1On,,Away,72,64,73,0,47,79.1,0,300,0,300,0,,69.5,47,0,4,36,597,546,97826,71.7,0,72.4,0,75.4,0,75.8,0,73.1,0,73.1,0,74.6,0,71.5,0,69.5,0
6/19/23,11:40:00,cool,compressorCoolStage1On,,Away,72,64,73,0,47,79.1,0,300,0,300,0,,69.4,47,0,4,36,598,547,97827,71.7,0,72.4,0,75.4,0,75.7,0,73.1,0,73,0,74.5,0,71.5,0,69.8,0
6/19/23,11:45:00,cool,compressorCoolStage1On,,Away,72,64,73,0,47,79.1,0,300,0,300,0,,69.3,47,0,4,37,604,549,97826,71.7,0,72.5,0,75.3,0,75.7,0,73,0,73,0,74.5,0,71.4,0,69.9,0
6/19/23,11:50:00,cool,compressorCoolStage1On,,Away,72,64,72.9,0,47,79.1,0,300,0,300,0,,69.2,47,0,4,37,605,550,97829,71.7,0,72.5,0,75.2,0,75.6,0,72.9,0,73,0,74.4,0,71.3,0,70,0
6/19/23,11:55:00,cool,compressorCoolStage1On,,Away,77.6,64,72.9,0,47,79.1,0,90,0,120,0,,69.2,47,0,4,37,611,552,97828,71.6,0,72.5,0,75.2,0,75.6,0,72.8,0,73,0,74.4,0,71.3,0,70,0
6/19/23,12:00:00,cool,compressorCoolOff,auto,Away,80,64,72.9,0,47,81.1,0,0,0,0,0,,69.8,47,0,4,36,601,548,97827,71.6,0,72.7,0,75.2,0,75.6,0,72.8,0,72.9,0,74.3,0,71.3,0,70,0
6/19/23,12:05:00,cool,compressorCoolOff,auto,Away,80,64,73,0,45,81.1,0,0,0,0,0,,70.4,45,0,4,36,602,548,97831,71.6,0,73.1,0,75.2,0,75.6,0,72.8,0,72.9,0,74.3,0,71.4,0,70.1,0
6/19/23,12:10:00,cool,compressorCoolOff,auto,Away,80,64,73.1,0,45,81.1,0,0,0,0,0,,70.9,45,0,4,38,621,557,97834,71.6,0,73.8,0,75.3,0,75.6,0,72.8,0,72.9,0,74.4,0,71.5,0,69.9,0
6/19/23,12:15:00,cool,compressorCoolOff,auto,Away,80,64,73.1,0,45,81.1,0,0,0,0,0,,71.2,45,0,4,40,631,561,97835,71.6,0,74.7,0,75.4,0,75.6,0,72.7,0,72.9,0,74.4,0,71.6,0,69.2,0
6/19/23,12:20:00,cool,compressorCoolOff,auto,Away,80,64,73.2,0,45,81.1,0,0,0,0,0,,71.4,45,0,4,40,639,564,97840,71.6,0,75.4,0,75.4,0,75.7,0,72.7,0,73,0,74.4,0,71.6,0,69.4,0
6/19/23,12:25:00,cool,compressorCoolOff,auto,Away,80,64,73.3,0,45,81.1,0,0,0,0,0,,71.6,45,0,4,41,645,567,97841,71.6,0,76.1,0,75.6,0,75.7,0,72.7,0,73,0,74.4,0,71.7,0,70.1,0
6/19/23,12:30:00,cool,compressorCoolOff,auto,Away,80,64,73.3,0,45,82.4,0,0,0,0,0,,71.8,45,0,4,42,651,569,97840,71.7,0,76.7,0,75.7,0,75.7,0,72.7,0,73.1,0,74.4,0,71.8,0,70.6,0
6/19/23,12:35:00,cool,compressorCoolOff,auto,Away,80,64,73.4,0,45,82.4,0,0,0,0,0,,71.9,45,0,4,42,658,572,97838,71.7,0,77,0,75.8,0,75.8,0,72.8,0,73.1,0,74.5,0,71.9,0,71,0
6/19/23,12:40:00,cool,compressorCoolOff,auto,Away,80,64,73.4,0,45,82.4,0,0,0,0,0,,71.9,45,0,4,43,667,576,97833,71.7,0,77.2,0,75.8,0,75.8,0,72.9,0,73.1,0,74.5,0,72,0,71.2,0
6/19/23,12:45:00,cool,compressorCoolOff,auto,Away,80,64,73.4,0,46,82.4,0,0,0,0,0,,71.9,46,0,4,44,672,577,97828,71.7,0,77,0,75.8,0,75.8,0,72.9,0,73.1,0,74.5,0,72,0,71.4,0
6/19/23,12:50:00,cool,compressorCoolOff,auto,Away,80,64,73.5,0,46,82.4,0,0,0,0,0,,72,46,0,4,44,676,579,97820,71.7,0,76.9,0,75.9,0,75.8,0,73,0,73.1,0,74.5,0,72.1,0,71.5,0
6/19/23,12:55:00,cool,compressorCoolOff,auto,Away,80,64,73.5,0,46,82.4,0,0,0,0,0,,72.1,46,0,4,44,679,581,97813,71.7,0,76.6,0,75.9,0,75.8,0,73,0,73.1,0,74.6,0,72.2,0,71.6,0
6/19/23,13:00:00,cool,compressorCoolOff,auto,Away,80,64,73.6,0,46,84.6,0,0,0,0,0,,72.2,46,0,4,45,684,583,97809,71.8,0,76.5,0,76,0,75.9,0,73,0,73.1,0,74.6,0,72.3,0,71.7,0
6/19/23,13:05:00,cool,compressorCoolOff,auto,Away,80,64,73.6,0,45,84.6,0,0,0,0,0,,72.3,45,0,4,45,684,582,97806,71.8,0,76.5,0,76.1,0,75.9,0,73,0,73.1,0,74.6,0,72.4,0,71.5,0
6/19/23,13:10:00,cool,compressorCoolOff,auto,Away,80,64,73.7,0,45,84.6,0,0,0,0,0,,72.4,45,0,4,46,694,586,97791,71.8,0,76.5,0,76.1,0,75.9,0,73.1,0,73.2,0,74.7,0,72.4,0,71.1,0
6/19/23,13:15:00,cool,compressorCoolOff,auto,Away,80,64,73.7,0,45,84.6,0,0,0,0,0,,72.5,45,0,4,46,692,585,97789,71.8,0,76.5,0,76.2,0,76,0,73.1,0,73.2,0,74.7,0,72.5,0,70.3,0
6/19/23,13:20:00,cool,compressorCoolOff,auto,Away,80,64,73.7,0,45,84.6,0,0,0,0,0,,72.5,45,0,4,46,699,588,97790,71.8,0,76.6,0,76.2,0,76,0,73.1,0,73.2,0,74.7,0,72.5,0,70.1,0
6/19/23,13:25:00,cool,compressorCoolOff,auto,Away,80,64,73.8,0,46,84.6,0,0,0,0,0,,72.4,46,0,4,47,702,589,97781,71.9,0,76.8,0,76.3,0,76.1,0,73.2,0,73.2,0,74.8,0,72.5,0,70.7,0
6/19/23,13:30:00,cool,compressorCoolOff,auto,Away,80,64,73.8,0,47,85.5,0,0,0,0,0,,72.6,47,0,4,47,703,590,97774,71.9,0,77.1,0,76.4,0,76.1,0,73.3,0,73.3,0,74.8,0,72.6,0,71.2,0
6/19/23,13:35:00,cool,compressorCoolOff,auto,Away,80,64,73.9,0,47,85.5,0,0,0,0,0,,72.6,47,0,4,47,709,592,97770,71.9,0,77.3,0,76.4,0,76.1,0,73.4,0,73.3,0,74.8,0,72.7,0,71.5,0
6/19/23,13:40:00,cool,compressorCoolOff,auto,Away,80,64,73.9,0,47,85.5,0,0,0,0,0,,72.7,47,0,4,47,713,593,97766,72,0,77.5,0,76.5,0,76.1,0,73.4,0,73.3,0,74.8,0,72.7,0,71.7,0
6/19/23,13:45:00,cool,compressorCoolOff,auto,Away,80,64,74,0,47,85.5,0,0,0,0,0,,72.7,47,0,4,48,718,595,97764,72,0,77.7,0,76.5,0,76.2,0,73.5,0,73.3,0,74.9,0,72.8,0,71.8,0
6/19/23,13:50:00,cool,compressorCoolOff,auto,Away,80,64,74,0,47,85.5,0,0,0,0,0,,72.7,47,0,4,48,716,594,97758,72,0,77.9,0,76.6,0,76.3,0,73.5,0,73.3,0,74.9,0,72.8,0,71.9,0
6/19/23,13:55:00,cool,compressorCoolOff,auto,Away,80,64,74,0,47,85.5,0,0,0,0,0,,72.7,47,0,4,48,722,596,97755,72,0,78.3,0,76.7,0,76.4,0,73.5,0,73.4,0,74.9,0,73,0,72,0
6/19/23,14:00:00,cool,compressorCoolOff,auto,Away,80,64,74.1,0,47,85.5,0,0,0,0,0,,72.8,47,0,4,49,730,600,97752,72,0,78.5,0,76.8,0,76.4,0,73.6,0,73.4,0,74.9,0,73.1,0,72,0
6/19/23,14:05:00,cool,compressorCoolOff,auto,Away,80,64,74.1,0,47,85.5,0,0,0,0,0,,72.9,47,0,4,49,732,600,97751,72.1,0,78.6,0,76.8,0,76.4,0,73.6,0,73.4,0,74.9,0,73.2,0,71.9,0
6/19/23,14:10:00,cool,compressorCoolOff,auto,Away,80,64,74.2,0,47,85.5,0,0,0,0,0,,73,47,0,4,49,733,601,97749,72.1,0,78.6,0,76.9,0,76.5,0,73.7,0,73.5,0,75,0,73.2,0,71.5,0
6/19/23,14:15:00,cool,compressorCoolOff,auto,Away,80,64,74.2,0,47,85.5,0,0,0,0,0,,73.1,47,0,4,50,736,602,97745,72.1,0,78.6,0,77,0,76.6,0,73.7,0,73.5,0,75,0,73.3,0,70.6,0
6/19/23,14:20:00,cool,compressorCoolOff,auto,Away,80,64,74.3,0,47,85.5,0,0,0,0,0,,73.1,47,0,4,50,739,603,97740,72.2,0,78.5,0,77.1,0,76.6,0,73.7,0,73.5,0,75,0,73.3,0,70.4,0
6/19/23,14:25:00,cool,compressorCoolOff,auto,Away,80,64,74.3,0,47,85.5,0,0,0,0,0,,73.1,47,0,4,50,744,605,97736,72.2,0,78.4,0,77.2,0,76.7,0,73.8,0,73.5,0,75,0,73.4,0,70.9,0
6/19/23,14:30:00,cool,compressorCoolOff,auto,Away,80,64,74.4,0,47,86.3,0,0,0,0,0,,73.2,47,0,4,51,754,608,97731,72.2,0,78.4,0,77.3,0,76.8,0,73.9,0,73.6,0,75.2,0,73.4,0,71.4,0
6/19/23,14:35:00,cool,compressorCoolOff,auto,Away,80,64,74.4,0,47,86.3,0,0,0,0,0,,73.3,47,0,4,51,753,608,97727,72.2,0,78.3,0,77.3,0,76.9,0,73.9,0,73.6,0,75.2,0,73.5,0,71.7,0
6/19/23,14:40:00,cool,compressorCoolOff,auto,Away,80,64,74.5,0,47,86.3,0,0,0,0,0,,73.3,47,0,4,52,759,610,97729,72.2,0,78.3,0,77.4,0,76.9,0,73.9,0,73.6,0,75.2,0,73.6,0,71.9,0
6/19/23,14:45:00,cool,compressorCoolOff,auto,Away,80,64,74.6,0,47,86.3,0,0,0,0,0,,73.3,47,0,4,52,761,610,97726,72.3,0,78.2,0,77.5,0,77,0,74,0,73.6,0,75.3,0,73.6,0,72,0
6/19/23,14:50:00,cool,compressorCoolOff,auto,Away,80,64,74.6,0,47,86.3,0,0,0,0,0,,73.3,47,0,4,52,763,611,97722,72.3,0,78.3,0,77.6,0,77.2,0,74,0,73.6,0,75.3,0,73.8,0,72.1,0
6/19/23,14:55:00,cool,compressorCoolOff,auto,Away,80,64,74.7,0,47,86.3,0,0,0,0,0,,73.4,47,0,4,52,766,612,97723,72.3,0,78.3,0,77.6,0,77.3,0,74,0,73.7,0,75.4,0,73.9,0,72.2,0
6/19/23,15:00:00,cool,compressorCoolOff,auto,Away,80,64,74.7,0,48,85.9,0,0,0,0,0,,73.4,48,0,4,53,772,614,97721,72.4,0,78.3,0,77.7,0,77.3,0,74.1,0,73.7,0,75.4,0,73.9,0,72.2,0
6/19/23,15:05:00,cool,compressorCoolOff,auto,Away,80,64,74.8,0,49,85.9,0,0,0,0,0,,73.5,49,0,4,53,776,616,97718,72.4,0,78.3,0,77.8,0,77.4,0,74.2,0,73.7,0,75.5,0,74,0,72.1,0
6/19/23,15:10:00,cool,compressorCoolOff,auto,Away,80,64,74.8,0,49,85.9,0,0,0,0,0,,73.5,49,0,4,53,775,615,97713,72.4,0,78.4,0,78,0,77.5,0,74.2,0,73.8,0,75.5,0,74.1,0,71.6,0
6/19/23,15:15:00,cool,compressorCoolOff,auto,Away,80,64,74.9,0,49,85.9,0,0,0,0,0,,73.6,49,0,4,54,783,618,97712,72.4,0,78.4,0,78.1,0,77.6,0,74.2,0,73.9,0,75.5,0,74.1,0,70.7,0
6/19/23,15:20:00,cool,compressorCoolOff,auto,Away,80,64,75,0,49,85.9,0,0,0,0,0,,73.6,49,0,4,54,790,620,97709,72.5,0,78.4,0,78.2,0,77.7,0,74.3,0,73.9,0,75.6,0,74.2,0,70.5,0
6/19/23,15:25:00,cool,compressorCoolOff,auto,Away,80,64,75,0,49,85.9,0,0,0,0,0,,73.6,49,0,4,55,792,621,97704,72.5,0,78.4,0,78.2,0,77.8,0,74.4,0,73.9,0,75.6,0,74.2,0,71,0
6/19/23,15:30:00,cool,compressorCoolOff,auto,Away,80,64,75,0,49,86.3,0,0,0,0,0,,73.6,49,0,4,55,796,622,97705,72.6,0,78.4,0,78.3,0,77.9,0,74.4,0,73.9,0,75.7,0,74.3,0,71.4,0
6/19/23,15:35:00,cool,compressorCoolOff,auto,Away,80,64,75.1,0,49,86.3,0,0,0,0,0,,73.6,49,0,4,55,796,622,97703,72.6,0,78.4,0,78.4,0,78,0,74.4,0,73.9,0,75.7,0,74.4,0,71.8,0
6/19/23,15:40:00,cool,compressorCoolOff,auto,Away,80,64,75.1,0,49,86.3,0,0,0,0,0,,73.6,49,0,4,56,804,625,97704,72.6,0,78.3,0,78.5,0,78.1,0,74.5,0,74,0,75.7,0,74.5,0,72,0
6/19/23,15:45:00,cool,compressorCoolOff,auto,Away,80,64,75.2,0,49,86.3,0,0,0,0,0,,73.7,49,0,4,56,805,625,97704,72.7,0,78.2,0,78.6,0,78.2,0,74.5,0,74,0,75.8,0,74.6,0,72.1,0
6/19/23,15:50:00,cool,compressorCoolOff,auto,Away,80,64,75.3,0,49,86.3,0,0,0,0,0,,73.7,49,0,4,56,805,625,97704,72.7,0,78.2,0,78.7,0,78.4,0,74.6,0,74,0,75.8,0,74.7,0,72.3,0
6/19/23,15:55:00,cool,compressorCoolOff,auto,Away,80,64,75.3,0,49,86.3,0,0,0,0,0,,73.6,49,0,4,55,801,624,97702,72.7,0,78.2,0,78.7,0,78.4,0,74.6,0,74,0,75.8,0,74.7,0,72.3,0
6/19/23,16:00:00,cool,compressorCoolOff,auto,Home,80,64,75.4,0,49,86.8,0,0,0,0,0,,73.7,49,0,4,56,807,626,97704,72.7,0,78.2,0,78.8,0,78.5,0,74.7,0,74.1,0,75.9,0,74.8,0,72.3,0
6/19/23,16:05:00,cool,compressorCoolOff,auto,Home,80,64,75.4,0,49,86.8,0,0,0,0,0,,73.8,49,0,4,56,805,625,97702,72.8,0,78.2,0,79,0,78.6,0,74.8,0,74.1,0,75.9,0,74.9,0,72.3,0
6/19/23,16:10:00,cool,compressorCoolOff,auto,Home,80,64,75.5,0,49,86.8,0,0,0,0,0,,73.7,49,0,4,56,812,627,97697,72.8,0,78.2,0,79.1,0,78.7,0,74.8,0,74.1,0,76,0,74.9,0,72.1,0
6/19/23,16:15:00,cool,compressorCoolOff,auto,Home,80,64,75.5,0,49,86.8,0,0,0,0,0,,73.8,49,0,4,56,814,628,97693,72.8,0,78.2,0,79.2,0,78.8,0,74.8,0,74.1,0,76,0,75,0,71.3,0
6/19/23,16:20:00,cool,compressorCoolOff,auto,Home,80,64,75.6,0,49,86.8,0,0,0,0,0,,73.9,49,0,4,57,816,629,97694,72.8,0,78.2,0,79.4,0,78.9,0,74.9,0,74.2,0,76.1,0,75.1,0,70.6,0
6/19/23,16:25:00,cool,compressorCoolOff,auto,Home,80,64,75.7,0,49,86.8,0,0,0,0,0,,74,49,0,4,57,821,631,97687,72.9,0,78.2,0,79.4,0,79,0,74.9,0,74.2,0,76.1,0,75.1,0,70.8,0
6/19/23,16:30:00,cool,compressorCoolOff,auto,Home,80,64,75.7,0,49,86.7,0,0,0,0,0,,74,49,0,4,57,818,630,97688,73,0,78.2,0,79.5,0,79.1,0,75,0,74.2,0,76.1,0,75.2,0,71.3,0
6/19/23,16:35:00,cool,compressorCoolOff,auto,Home,80,64,75.8,0,49,86.7,0,0,0,0,0,,74,49,0,4,57,818,630,97688,72.9,0,78.3,0,79.6,0,79.2,0,75,0,74.3,0,76.2,0,75.3,0,71.8,0
6/19/23,16:40:00,cool,compressorCoolOff,auto,Home,80,64,75.8,0,49,86.7,0,0,0,0,0,,74.2,49,0,4,57,817,629,97685,72.9,0,78.3,0,79.7,0,79.4,0,75,0,74.3,0,76.3,0,75.4,0,71.9,0
6/19/23,16:45:00,cool,compressorCoolOff,auto,Home,80,64,75.9,0,49,86.7,0,0,0,0,0,,74.2,49,0,4,57,819,630,97686,73,0,78.3,0,79.8,0,79.5,0,75.1,0,74.3,0,76.3,0,75.4,0,72.2,0
6/19/23,16:50:00,cool,compressorCoolOff,auto,Home,80,64,76,0,49,86.7,0,0,0,0,0,,74.2,49,0,4,57,817,629,97690,73,0,78.2,0,79.9,0,79.6,0,75.2,0,74.4,0,76.3,0,75.5,0,72.3,0
6/19/23,16:55:00,cool,compressorCoolOff,auto,Home,80,64,76,0,49,86.7,0,0,0,0,0,,74.3,49,0,4,57,816,629,97693,73,0,78.2,0,79.9,0,79.7,0,75.2,0,74.4,0,76.3,0,75.5,0,72.3,0
6/19/23,17:00:00,cool,compressorCoolOff,auto,Home,80,64,76.1,0,49,86.7,0,0,0,0,0,,74.3,49,0,4,57,817,629,97692,73.1,0,78.1,0,80.1,0,79.8,0,75.2,0,74.5,0,76.3,0,75.6,0,72.3,0
6/19/23,17:05:00,cool,compressorCoolOff,auto,Home,80,64,76.1,0,50,86.7,0,0,0,0,0,,74.3,50,0,4,56,813,628,97686,73.1,0,78.1,0,80.2,0,79.8,0,75.3,0,74.5,0,76.4,0,75.7,0,72.3,0
6/19/23,17:10:00,cool,compressorCoolOff,auto,Home,80,64,76.2,0,51,86.7,0,0,0,0,0,,74.3,51,0,4,57,817,629,97673,73.1,0,78.1,0,80.2,0,79.9,0,75.3,0,74.5,0,76.5,0,75.7,0,72.2,0
6/19/23,17:15:00,cool,compressorCoolOff,auto,Home,80,64,76.2,0,51,86.7,0,0,0,0,0,,74.3,51,0,4,57,821,631,97671,73.1,0,78.1,0,80.3,0,80,0,75.3,0,74.5,0,76.5,0,75.8,0,71.6,0
6/19/23,17:20:00,cool,compressorCoolOff,auto,Home,80,64,76.3,0,51,86.7,0,0,0,0,0,,74.4,51,0,4,57,817,629,97668,73.2,0,78,0,80.4,0,80.1,0,75.4,0,74.6,0,76.5,0,75.8,0,70.7,0
6/19/23,17:25:00,cool,compressorCoolOff,auto,Home,80,64,76.3,0,51,86.7,0,0,0,0,0,,74.5,51,0,4,57,816,629,97669,73.2,0,78,0,80.5,0,80.2,0,75.4,0,74.6,0,76.5,0,75.8,0,70.7,0
6/19/23,17:30:00,cool,compressorCoolOff,auto,Home,80,64,76.3,0,51,86.2,0,0,0,0,0,,74.5,51,0,4,56,814,628,97672,73.2,0,78,0,80.6,0,80.2,0,75.5,0,74.6,0,76.6,0,75.9,0,71.3,0
6/19/23,17:35:00,cool,compressorCoolOff,auto,Home,80,64,76.4,0,51,86.2,0,0,0,0,0,,74.4,51,0,4,56,813,628,97673,73.2,0,78,0,80.6,0,80.4,0,75.5,0,74.7,0,76.6,0,76,0,71.7,0
6/19/23,17:40:00,cool,compressorCoolOff,auto,Home,80,64,76.4,0,51,86.2,0,0,0,0,0,,74.4,51,0,4,56,810,627,97670,73.2,0,78,0,80.7,0,80.5,0,75.5,0,74.7,0,76.7,0,76,1,72.1,0
6/19/23,17:45:00,cool,compressorCoolOff,auto,Home,80,64,76.5,0,51,86.2,0,0,0,0,0,,74.5,51,0,4,56,811,627,97666,73.2,0,78,0,80.7,0,80.6,0,75.6,0,74.8,0,76.7,0,76.1,0,72.2,0
6/19/23,17:50:00,cool,compressorCoolOff,auto,Home,80,64,76.5,0,50,86.2,0,0,0,0,0,,74.6,50,0,4,56,813,628,97664,73.2,0,77.9,0,80.8,0,80.6,0,75.6,0,74.8,0,76.7,0,76.2,0,72.3,0
6/19/23,17:55:00,cool,compressorCoolOff,auto,Home,80,64,76.6,0,50,86.2,0,0,0,0,0,,74.6,50,0,4,56,812,628,97665,73.2,0,77.9,0,81,0,80.7,0,75.6,0,74.8,0,76.8,0,76.2,0,72.4,0
6/19/23,18:00:00,cool,compressorCoolOff,auto,Home,80,64,76.6,0,51,85.4,0,0,0,0,0,,74.5,51,0,4,56,808,626,97668,73.2,0,77.8,0,81,0,80.8,0,75.7,0,74.9,0,76.8,0,76.3,0,72.4,0
6/19/23,18:05:00,cool,compressorCoolOff,auto,Home,80,64,76.6,0,51,85.4,0,0,0,0,0,,74.5,51,0,4,56,809,627,97674,73.3,0,77.8,0,81.1,0,80.8,0,75.7,0,74.9,0,76.8,0,76.4,0,72.4,0
6/19/23,18:10:00,cool,compressorCoolOff,auto,Home,80,64,76.7,0,51,85.4,0,0,0,0,0,,74.6,51,0,4,56,808,626,97677,73.2,0,77.8,0,81.1,0,80.9,0,75.8,0,74.9,0,76.8,0,76.4,0,72.4,0
6/19/23,18:15:00,cool,compressorCoolOff,auto,Home,80,64,76.7,0,51,85.4,0,0,0,0,0,,74.6,51,0,4,56,805,625,97685,73.2,0,77.7,0,81.2,0,81,0,75.9,0,75,0,76.8,0,76.5,0,72.3,0
6/19/23,18:20:00,cool,compressorCoolOff,auto,Home,80,64,76.8,0,51,85.4,0,0,0,0,0,,74.6,51,0,4,56,804,625,97684,73.3,0,77.7,0,81.2,0,81,0,75.9,0,75,0,76.9,0,76.6,0,71.7,0
6/19/23,18:25:00,cool,compressorCoolOff,auto,Home,80,64,76.8,0,51,85.4,0,0,0,0,0,,74.6,51,0,4,56,804,625,97679,73.4,0,77.7,0,81.3,0,81.1,0,75.9,0,75,0,76.9,0,76.6,0,70.8,0
6/19/23,18:30:00,cool,compressorCoolOff,auto,Home,80,64,76.9,0,51,84.6,0,0,0,0,0,,74.6,51,0,4,55,803,625,97684,73.4,0,77.7,0,81.4,0,81.2,0,76,0,75.1,0,76.9,0,76.7,0,70.7,0
6/19/23,18:35:00,cool,compressorCoolOff,auto,Home,80,64,76.9,0,51,84.6,0,0,0,0,0,,74.6,51,0,4,56,805,625,97691,73.4,0,77.6,0,81.4,0,81.3,0,76,0,75.1,0,76.9,0,76.7,0,71.2,0
6/19/23,18:40:00,cool,compressorCoolOff,auto,Home,80,64,76.9,0,51,84.6,0,0,0,0,0,,74.7,51,0,4,56,805,626,97698,73.4,0,77.6,0,81.5,0,81.3,0,76,0,75.1,0,77,0,76.8,0,71.7,0
6/19/23,18:45:00,cool,compressorCoolOff,auto,Home,80,64,76.9,0,51,84.6,0,0,0,0,0,,74.6,51,0,4,55,799,623,97705,73.4,0,77.5,0,81.5,0,81.4,0,76,0,75.2,0,77,0,76.8,0,72,0
6/19/23,18:50:00,cool,compressorCoolOff,auto,Home,80,64,76.9,0,51,84.6,0,0,0,0,0,,74.5,51,0,4,55,801,624,97710,73.4,0,77.5,0,81.6,0,81.4,0,76,0,75.2,0,77,0,76.8,0,72.2,0
6/19/23,18:55:00,cool,compressorCoolOff,auto,Home,80,64,77,0,51,84.6,0,0,0,0,0,,74.6,51,0,4,55,796,622,97715,73.4,0,77.5,0,81.7,0,81.5,0,76.1,0,75.2,0,77.1,0,76.9,0,72.3,0
6/19/23,19:00:00,cool,compressorCoolOff,auto,Home,80,64,77.1,0,51,84.6,0,0,0,0,0,,74.6,51,0,4,55,794,622,97721,73.5,0,77.4,0,81.7,0,81.6,0,76.2,0,75.3,0,77.1,0,77,0,72.4,0
6/19/23,19:05:00,cool,compressorCoolOff,auto,Home,80,64,77.1,0,51,84.6,0,0,0,0,0,,74.7,51,0,4,55,795,622,97725,73.5,0,77.4,0,81.8,0,81.6,0,76.2,0,75.3,0,77.1,0,77,0,72.4,0
6/19/23,19:10:00,cool,compressorCoolOff,auto,Home,80,64,77.1,0,51,84.6,0,0,0,0,0,,74.8,51,0,4,55,794,622,97730,73.5,0,77.4,0,81.8,0,81.7,0,76.2,0,75.4,0,77.1,0,77.1,0,72.5,0
6/19/23,19:15:00,cool,compressorCoolOff,auto,Home,80,64,77.2,0,50,84.6,0,0,0,0,0,,74.8,50,0,4,55,795,622,97730,73.5,0,77.3,0,81.9,0,81.7,0,76.3,0,75.4,0,77.1,0,77.1,0,72.4,0
6/19/23,19:20:00,cool,compressorCoolOff,auto,Home,80,64,77.2,0,50,84.6,0,0,0,0,0,,74.9,50,0,4,54,792,621,97733,73.5,0,77.2,0,81.9,0,81.7,0,76.3,0,75.4,0,77.1,0,77.1,0,72,0
6/19/23,19:25:00,cool,compressorCoolOff,auto,Home,80,64,77.3,0,50,84.6,0,0,0,0,0,,74.9,50,0,4,55,792,621,97736,73.5,0,77.1,0,82,0,81.8,0,76.3,0,75.4,0,77.2,0,77.2,0,71.1,0
6/19/23,19:30:00,cool,compressorCoolOff,auto,Home,80,64,77.3,0,50,84.6,0,0,0,0,0,,75,50,0,4,54,788,620,97740,73.5,0,77.1,0,82,0,81.8,0,76.3,0,75.5,0,77.2,0,77.2,0,70.6,0
6/19/23,19:35:00,cool,compressorCoolOff,auto,Home,80,64,77.3,0,50,84.6,0,0,0,0,0,,75,50,0,4,54,791,621,97746,73.5,0,77.1,0,82,0,81.8,0,76.3,0,75.5,0,77.2,0,77.3,0,71,0
6/19/23,19:40:00,cool,compressorCoolOff,auto,Home,80,64,77.3,0,50,84.6,0,0,0,0,0,,75,50,0,4,54,789,620,97752,73.5,0,77.1,0,82.1,0,81.9,0,76.4,0,75.6,0,77.2,0,77.3,0,71.7,0
6/19/23,19:45:00,cool,compressorCoolOff,auto,Home,80,64,77.3,0,50,84.6,0,0,0,0,0,,74.9,50,0,4,54,786,619,97765,73.5,0,77,0,82.1,0,81.9,0,76.4,0,75.6,0,77.3,0,77.3,0,72,0
6/19/23,19:50:00,cool,compressorCoolOff,auto,Home,80,64,77.4,0,50,84.6,0,0,0,0,0,,75,50,0,4,54,784,619,97771,73.6,0,77,0,82.2,0,82,0,76.4,0,75.6,0,77.3,0,77.3,0,72.2,0
6/19/23,19:55:00,cool,compressorCoolOff,auto,Home,80,64,77.4,0,50,84.6,0,0,0,0,0,,75,50,0,4,54,783,618,97775,73.6,0,77,0,82.2,0,82,0,76.4,0,75.7,0,77.3,0,77.4,0,72.4,0
6/19/23,20:00:00,cool,compressorCoolOff,auto,Home,80,64,77.4,0,50,80.7,0,0,0,0,0,,74.9,50,0,4,54,781,618,97784,73.6,0,77,0,82.2,0,82.1,0,76.5,0,75.7,0,77.3,0,77.4,0,72.4,0
6/19/23,20:05:00,cool,compressorCoolOff,auto,Home,80,64,77.4,0,50,80.7,0,0,0,0,0,,74.9,50,0,4,54,780,617,97795,73.7,0,76.9,0,82.2,0,82.1,0,76.5,0,75.7,0,77.3,0,77.5,0,72.5,0
6/19/23,20:10:00,cool,compressorCoolOff,auto,Home,80,64,77.5,0,50,80.7,0,0,0,0,0,,74.9,50,0,4,53,775,615,97803,73.7,0,76.9,0,82.3,0,82.1,0,76.6,0,75.7,0,77.4,0,77.5,0,72.5,0
6/19/23,20:15:00,cool,compressorCoolOff,auto,Home,80,64,77.5,0,50,80.7,0,0,0,0,0,,75,50,0,4,53,780,617,97811,73.6,0,76.9,0,82.3,0,82.1,0,76.6,0,75.8,0,77.4,0,77.5,0,72.5,0
6/19/23,20:20:00,cool,compressorCoolOff,auto,Home,80,64,77.5,0,50,80.7,0,0,0,0,0,,75,50,0,4,53,778,616,97820,73.6,0,76.8,0,82.3,0,82.2,0,76.6,0,75.8,0,77.4,0,77.5,0,72.5,0
6/19/23,20:25:00,cool,compressorCoolOff,auto,Home,80,64,77.4,0,50,80.7,0,0,0,0,0,,75,50,0,4,53,777,616,97826,73.7,0,76.8,0,82.3,0,82.2,0,76.6,0,75.8,0,77.4,0,77.6,0,72.2,0
6/19/23,20:30:00,cool,compressorCoolOff,auto,Home,80,64,77.3,0,50,79.3,0,0,0,0,0,,75,50,0,4,53,775,615,97831,73.7,0,76.8,0,82.4,0,82.3,0,76.6,0,75.8,0,77.4,0,77.6,0,71.2,0
6/19/23,20:35:00,cool,compressorCoolOff,auto,Home,80,64,77.1,0,50,79.3,0,0,0,0,0,,75,50,0,4,53,776,616,97840,73.7,0,76.8,0,82.4,0,82.3,0,76.6,0,75.9,0,77.4,0,77.6,0,70.7,0
6/19/23,20:40:00,cool,compressorCoolOff,auto,Home,80,64,76.8,0,51,79.3,0,0,0,0,0,,75,51,0,4,53,771,614,97843,73.7,0,76.7,0,82.5,0,82.3,0,76.6,0,75.9,0,77.5,0,77.6,0,71.2,0
6/19/23,20:45:00,cool,compressorCoolOff,auto,Home,80,64,76.6,0,51,79.3,0,0,0,0,0,,74.9,51,0,4,53,772,614,97844,73.7,0,76.7,0,82.5,0,82.3,0,76.7,0,75.9,0,77.5,0,77.6,0,71.7,0
6/19/23,20:50:00,cool,compressorCoolOff,auto,Home,80,64,76.3,0,52,79.3,0,0,0,0,0,,74.9,52,0,4,53,773,615,97849,73.7,0,76.7,0,82.5,0,82.4,0,76.7,0,76,0,77.5,0,77.7,0,72.1,0
6/19/23,20:55:00,cool,compressorCoolOff,auto,Home,81.3,62.7,76.1,0,52,79.3,0,0,0,0,0,,75,52,0,4,53,769,613,97852,73.7,0,76.6,0,82.5,0,82.4,0,76.7,0,76,0,77.5,0,77.7,0,72.3,0
6/19/23,21:00:00,cool,compressorCoolOff,,Sleep,82,62,76.1,0,52,77.3,0,0,0,0,0,,74.9,52,0,4,53,775,615,97853,73.7,0,76.6,0,82.5,0,82.4,0,76.8,0,76,0,77.5,0,77.7,0,72.4,0
6/19/23,21:05:00,cool,compressorCoolOff,,Sleep,82,62,76.1,0,52,77.3,0,0,0,0,0,,74.9,52,0,4,52,767,613,97855,73.8,0,76.6,0,82.5,0,82.4,0,76.8,0,76.1,0,77.5,0,77.7,0,72.5,0
6/19/23,21:10:00,cool,compressorCoolOff,,Sleep,82,62,76.1,0,52,77.3,0,0,0,0,0,,74.9,52,0,4,53,767,613,97859,73.7,0,76.6,0,82.5,0,82.4,0,76.8,0,76.1,0,77.6,0,77.7,0,72.6,0
6/19/23,21:15:00,cool,compressorCoolOff,,Sleep,82,62,76.1,0,52,77.3,0,0,0,0,0,,74.9,52,0,4,52,766,612,97859,73.7,0,76.5,0,82.5,0,82.5,0,76.8,0,76.1,0,77.6,0,77.7,0,72.6,0
6/19/23,21:20:00,cool,compressorCoolOff,,Sleep,82,62,76.1,0,52,77.3,0,0,0,0,0,,74.9,52,0,4,52,764,611,97862,73.8,0,76.5,0,82.6,0,82.5,0,76.8,0,76.1,0,77.6,0,77.7,0,72.5,0
6/19/23,21:25:00,cool,compressorCoolOff,,Sleep,82,62,76.1,0,52,77.3,0,0,0,0,0,,74.9,52,0,4,52,766,612,97867,73.8,0,76.5,0,82.6,0,82.5,0,76.8,0,76.2,0,77.6,0,77.8,0,72.4,0
6/19/23,21:30:00,cool,compressorCoolOff,,Sleep,82,62,76.1,0,52,76.4,0,0,0,0,0,,74.9,52,0,4,52,763,611,97872,73.8,0,76.5,0,82.6,0,82.5,0,76.8,0,76.2,0,77.6,0,77.8,0,71.9,0
6/19/23,21:35:00,cool,compressorCoolOff,,Sleep,82,62,76.2,0,52,76.4,0,0,0,0,0,,74.9,52,0,4,52,764,612,97875,73.8,0,76.4,0,82.6,0,82.5,0,76.9,0,76.2,0,77.6,0,77.8,0,71.1,0
6/19/23,21:40:00,cool,compressorCoolOff,,Sleep,82,62,76.2,0,53,76.4,0,0,0,0,0,,74.8,53,0,4,52,765,612,97881,73.8,0,76.4,0,82.6,0,82.5,0,76.9,0,76.2,0,77.7,0,77.8,0,70.9,0
6/19/23,21:45:00,cool,compressorCoolOff,,Sleep,82,62,76.2,0,53,76.4,0,0,0,0,0,,74.9,53,0,4,52,760,610,97889,73.8,0,76.4,0,82.6,0,82.5,0,76.9,0,76.3,0,77.7,0,77.8,0,71.5,0
6/19/23,21:50:00,cool,compressorCoolOff,,Sleep,82,62,76.2,0,53,76.4,0,0,0,0,0,,74.8,53,0,4,52,757,609,97902,73.8,0,76.4,0,82.6,0,82.5,0,76.9,0,76.3,0,77.7,0,77.8,0,71.9,0
6/19/23,21:55:00,cool,compressorCoolOff,,Sleep,82,62,76.2,0,53,76.4,0,0,0,0,0,,74.8,53,0,4,52,758,609,97907,73.8,0,76.4,0,82.7,0,82.5,0,77,0,76.3,0,77.7,0,77.9,0,72.2,0
6/19/23,22:00:00,cool,compressorCoolOff,,Sleep,82,62,76.2,0,52,75.7,0,0,0,0,0,,75,52,0,4,51,754,608,97911,73.8,0,76.3,0,82.7,0,82.6,0,77,0,76.3,0,77.7,0,77.9,0,72.4,0
6/19/23,22:05:00,cool,compressorCoolOff,,Sleep,82,62,76.3,0,52,75.7,0,0,0,0,0,,75,52,0,4,51,752,607,97919,73.8,0,76.3,0,82.7,0,82.6,0,77,0,76.3,0,77.7,0,77.9,0,72.5,0
6/19/23,22:10:00,cool,compressorCoolOff,,Sleep,82,62,76.3,0,52,75.7,0,0,0,0,0,,75,52,0,4,51,751,607,97924,73.8,0,76.3,0,82.7,0,82.6,0,77,0,76.3,0,77.8,0,77.9,0,72.6,0
6/19/23,22:15:00,cool,compressorCoolOff,,Sleep,82,62,76.3,0,52,75.7,0,0,0,0,0,,75,52,0,4,51,747,606,97938,73.9,0,76.3,0,82.7,0,82.6,0,77.1,0,76.4,0,77.8,0,77.9,0,72.6,0
6/19/23,22:20:00,cool,compressorCoolOff,,Sleep,82,62,76.3,0,52,75.7,0,0,0,0,0,,75,52,0,4,51,749,606,97946,73.9,0,76.3,0,82.7,0,82.6,0,77.1,0,76.4,0,77.8,0,77.9,0,72.6,0
6/19/23,22:25:00,cool,compressorCoolOff,,Sleep,82,62,76.3,0,53,75.7,0,0,0,0,0,,75,53,0,4,51,750,607,97948,73.9,0,76.3,0,82.7,0,82.7,0,77.1,0,76.4,0,77.8,0,77.9,0,72.5,0
6/19/23,22:30:00,cool,compressorCoolOff,,Sleep,82,62,76.3,0,53,75,0,0,0,0,0,,75,53,0,4,51,745,605,97945,73.9,0,76.3,0,82.7,0,82.6,0,77.1,0,76.4,0,77.8,0,77.9,0,72.4,0
6/19/23,22:35:00,cool,compressorCoolOff,,Sleep,82,62,76.3,0,52,75,0,0,0,0,0,,75,52,0,4,51,747,606,97945,73.9,0,76.2,0,82.7,0,82.6,0,77.1,0,76.5,0,77.8,0,77.9,0,71.9,0
6/19/23,22:40:00,cool,compressorCoolOff,,Sleep,82,62,76.4,0,52,75,0,0,0,0,0,,75.1,52,0,4,50,741,604,97946,74,0,76.2,0,82.8,0,82.6,0,77.1,0,76.5,0,77.8,0,77.9,0,71.1,0
6/19/23,22:45:00,cool,compressorCoolOff,,Sleep,82,62,76.4,0,52,75,0,0,0,0,0,,75,52,0,4,50,742,604,97949,74,0,76.2,0,82.8,0,82.6,0,77.1,0,76.5,0,77.8,0,78,0,71,0
6/19/23,22:50:00,cool,compressorCoolOff,,Sleep,82,62,76.4,0,52,75,0,0,0,0,0,,75,52,0,4,50,743,604,97950,73.9,0,76.2,0,82.7,0,82.6,0,77.1,0,76.5,0,77.8,0,78,0,71.5,0
6/19/23,22:55:00,cool,compressorCoolOff,,Sleep,82,62,76.3,0,52,75,0,0,0,0,0,,75,52,0,4,50,737,602,97953,73.9,0,76.2,0,82.7,0,82.6,0,77.1,0,76.6,0,77.8,0,78,0,72,0
6/19/23,23:00:00,cool,compressorCoolOff,,Sleep,82,62,76.4,0,52,74.4,0,0,0,0,0,,75,52,0,4,50,737,602,97959,74,0,76.1,0,82.7,0,82.6,0,77.2,0,76.6,0,77.8,0,78,0,72.2,0
6/19/23,23:05:00,cool,compressorCoolOff,,Sleep,82,62,76.4,0,52,74.4,0,0,0,0,0,,75.1,52,0,4,50,737,602,97959,74,0,76.1,0,82.7,0,82.6,0,77.2,0,76.6,0,77.9,0,78,0,72.4,0
6/19/23,23:10:00,cool,compressorCoolOff,,Sleep,82,62,76.4,0,52,74.4,0,0,0,0,0,,75.1,52,0,4,49,733,601,97956,74,0,76.1,0,82.8,0,82.6,0,77.2,0,76.6,0,77.9,0,78,0,72.6,0
6/19/23,23:15:00,cool,compressorCoolOff,,Sleep,82,62,76.4,0,52,74.4,0,0,0,0,0,,75.1,52,0,4,49,732,600,97962,74,0,76.1,0,82.7,0,82.6,0,77.2,0,76.6,0,77.9,0,78,0,72.6,0
6/19/23,23:20:00,cool,compressorCoolOff,,Sleep,82,62,76.5,0,52,74.4,0,0,0,0,0,,75.2,52,0,4,49,732,600,97966,74,0,76.1,0,82.7,0,82.6,0,77.2,0,76.7,0,77.9,0,78,0,72.7,0
6/19/23,23:25:00,cool,compressorCoolOff,,Sleep,82,62,76.5,0,52,74.4,0,0,0,0,0,,75.2,52,0,4,49,734,601,97972,74,0,76.1,0,82.7,0,82.6,0,77.2,0,76.7,0,77.9,0,78,0,72.7,0
6/19/23,23:30:00,cool,compressorCoolOff,,Sleep,82,62,76.5,0,52,73.4,0,0,0,0,0,,75.2,52,0,4,49,732,600,97973,74.1,0,76.1,0,82.7,0,82.7,0,77.2,0,76.7,0,77.9,0,78,0,72.6,0
6/19/23,23:35:00,cool,compressorCoolOff,,Sleep,82,62,76.5,0,52,73.4,0,0,0,0,0,,75.2,52,0,4,49,730,599,97983,74.1,0,76.1,0,82.7,0,82.6,0,77.2,0,76.7,0,77.9,0,78,0,72.6,0
6/19/23,23:40:00,cool,compressorCoolOff,,Sleep,82,62,76.5,0,52,73.4,0,0,0,0,0,,75.2,52,0,4,49,729,599,97995,74.1,0,76,0,82.7,0,82.6,0,77.2,0,76.7,0,77.9,0,78,0,72.1,0
6/19/23,23:45:00,cool,compressorCoolOff,,Sleep,82,62,76.5,0,52,73.4,0,0,0,0,0,,75.3,52,0,4,49,727,598,97997,74.1,0,76,0,82.7,0,82.6,0,77.2,0,76.7,0,77.9,0,78,0,71.3,0
6/19/23,23:50:00,cool,compressorCoolOff,,Sleep,82,62,76.5,0,52,73.4,0,0,0,0,0,,75.3,52,0,4,49,723,597,98003,74.1,0,76,0,82.7,0,82.6,0,77.2,0,76.8,0,77.9,0,78,0,70.9,0
6/19/23,23:55:00,cool,compressorCoolOff,,Sleep,82,62,76.5,0,52,73.4,0,0,0,0,0,,75.3,52,0,4,49,725,598,98009,74.1,0,76,0,82.7,0,82.6,0,77.3,0,76.8,0,77.9,0,78,0,71.4,0